{
	//uview组件库
	"easycom": {
		"autoscan": true,
		"^u-(.*)": "@/node_modules/uview-ui/components/u-$1/u-$1.vue"
	},
	"globalStyle": {
		"navigationBarTextStyle": "black",
		"navigationBarTitleText": "Bitwin",
		"navigationBarBackgroundColor": "#F8F8F8",
		"backgroundColor": "#F8F8F8",
		// rpx 计算支持的最大设备宽度 单位px 默认值为960
		"rpxCalcMaxDeviceWidth": 3840,
		// rpx计算使用的基本设备宽度，设备实际宽度超出rpx ，
		// 计算所支持的最大宽度时，将按基准宽度计算，单位px，默认值375
		"rpxCalcBaseDeviceWidth": 3840,
		// rpx 计算特殊处理的值，始终按实际的设备宽度计算，单位rpx，默认值为750
		"rpxCalcIncludeWidth": 750
	},
	"uniIdRouter": {},
	"pages": [{
			"path": "pages/launch/index", // 自定义启动页
			"style": {
				"enablePullDownRefresh": false,
				"navigationStyle": "custom"
			}
		},
		{
			"path": "pages/home/index",
			"style": {
				"enablePullDownRefresh": true,
				"navigationStyle": "custom"
			}
		},
		{
			"path": "pages/download/index",
			"style": {
				"enablePullDownRefresh": true,
				"navigationStyle": "custom"
			}
		},
		{
			"path": "pages/translate/index",
			"style": {
				"enablePullDownRefresh": true,
				"navigationStyle": "custom"
			}
		},
		{
			"path": "pages/signIn/index",
			"style": {
				"enablePullDownRefresh": true,
				"navigationStyle": "custom"
			}
		},
		{
			"path": "pages/terms/index",
			"style": {
				"enablePullDownRefresh": true,
				"navigationStyle": "custom"
			}
		},
		{
			"path": "pages/market/index",
			"style": {
				"enablePullDownRefresh": true,
				"navigationStyle": "custom"
			}
		},
		{
			"path": "pages/defi/index",
			"style": {
				"enablePullDownRefresh": true,
				"navigationStyle": "custom"
			}
		},
		{
			"path": "pages/ctc/index",
			"style": {
				"enablePullDownRefresh": true,
				"navigationStyle": "custom"
			}
		},
		{
			"path": "pages/ctc/order",
			"style": {
				"enablePullDownRefresh": true,
				"navigationStyle": "custom"
			}
		},
		{
			"path": "pages/pledge/index",
			"style": {
				"enablePullDownRefresh": true,
				"navigationStyle": "custom"
			}
		},
		{
			"path": "pages/pledge/record",
			"style": {
				"enablePullDownRefresh": true,
				"navigationStyle": "custom"
			}
		},
		{
			"path": "pages/loan/index",
			"style": {
				"enablePullDownRefresh": true,
				"navigationStyle": "custom"
			}
		},
		{
			"path": "pages/loan/record",
			"style": {
				"enablePullDownRefresh": true,
				"navigationStyle": "custom"
			}
		},
		{
			"path": "pages/rule/index",
			"style": {
				"enablePullDownRefresh": true,
				"navigationStyle": "custom"
			}
		},
		{
			"path": "pages/wealth/index",
			"style": {
				"enablePullDownRefresh": true,
				"navigationStyle": "custom"
			}
		},
		{
			"path": "pages/wealth/record",
			"style": {
				"enablePullDownRefresh": true,
				"navigationStyle": "custom"
			}
		},
		{
			"path": "pages/assets/index",
			"style": {
				"enablePullDownRefresh": true,
				"navigationStyle": "custom"
			}
		},
		{
			"path": "pages/account/index",
			"style": {
				"enablePullDownRefresh": true,
				"navigationStyle": "custom"
			}
		},
		{
			"path": "pages/notify/index",
			"style": {
				"enablePullDownRefresh": true,
				"navigationStyle": "custom"
			}
		},
		{
			"path": "pages/notify/detail",
			"style": {
				"enablePullDownRefresh": true,
				"navigationStyle": "custom"
			}
		},
		{
			"path": "pages/crypto/index",
			"style": {
				"enablePullDownRefresh": false,
				"navigationStyle": "custom"
			}
		},
		{
			"path": "pages/stock/index",
			"style": {
				"enablePullDownRefresh": true,
				"navigationStyle": "custom"
			}
		},
		{
			"path": "pages/trade/day/index",
			"style": {
				"enablePullDownRefresh": true,
				"navigationStyle": "custom"
			}
		},
		{
			"path": "pages/trade/block/index",
			"style": {
				"enablePullDownRefresh": true,
				"navigationStyle": "custom"
			}
		},
		{
			"path": "pages/trade/ipo/index",
			"style": {
				"enablePullDownRefresh": true,
				"navigationStyle": "custom"
			}
		},
		{
			"path": "pages/trade/vip/index",
			"style": {
				"enablePullDownRefresh": true,
				"navigationStyle": "custom"
			}
		}
	],

	"condition": {
		//模式配置，仅开发期间生效
		"current": 0, //当前激活的模式(list 的索引项)
		"list": [{
			"name": "", //模式이름
			"path": "", //启动页面，必选
			"query": "" //启动参数，在页面的onLoad函数里面得到
		}]
	}
}