{
  "id": "3531184",
  "name": "xinak",
  "font_family": "iconfont",
  "css_prefix_text": "icon-",
  "description": "",
  "glyphs": [
    {
      "icon_id": "17789344",
      "name": "时间",
      "font_class": "shijian",
      "unicode": "e897",
      "unicode_decimal": 59543
    },
    {
      "icon_id": "1204",
      "name": "向上",
      "font_class": "up",
      "unicode": "e600",
      "unicode_decimal": 58880
    },
    {
      "icon_id": "4765741",
      "name": "time-circle",
      "font_class": "time-circle",
      "unicode": "e784",
      "unicode_decimal": 59268
    },
    {
      "icon_id": "30724462",
      "name": "向上-copy",
      "font_class": "down",
      "unicode": "e8c6",
      "unicode_decimal": 59590
    },
    {
      "icon_id": "2529717",
      "name": "主页、首页、home",
      "font_class": "home",
      "unicode": "e611",
      "unicode_decimal": 58897
    },
    {
      "icon_id": "908559",
      "name": "我的活动",
      "font_class": "hd",
      "unicode": "e696",
      "unicode_decimal": 59030
    },
    {
      "icon_id": "936280",
      "name": "我的投资 ",
      "font_class": "tz",
      "unicode": "e694",
      "unicode_decimal": 59028
    },
    {
      "icon_id": "1514383",
      "name": "账户 #ffffff & 20px",
      "font_class": "us",
      "unicode": "e602",
      "unicode_decimal": 58882
    },
    {
      "icon_id": "18166493",
      "name": "货币,钱袋,资金,财产,财富",
      "font_class": "purse",
      "unicode": "e8c5",
      "unicode_decimal": 59589
    },
    {
      "icon_id": "1287689",
      "name": "消息",
      "font_class": "xiaoxi",
      "unicode": "e604",
      "unicode_decimal": 58884
    },
    {
      "icon_id": "7090060",
      "name": "双箭头 右",
      "font_class": "rt",
      "unicode": "e713",
      "unicode_decimal": 59155
    }
  ]
}
